Configuration, Workload, Subworkload, Iteration, Parameters, ScoreName, ScoreValue
default,Mlc,Latency_matrix,0,,Skt0-Skt0,81.5
default,Mlc,Latency_matrix,0,,Skt0-Skt1,131.7
default,Mlc,Latency_matrix,0,,Skt1-Skt0,131.9
default,Mlc,Latency_matrix,0,,Skt1-Skt1,80.7
default,Mlc,Bandwidth_matrix,0,,Skt0-Skt0,68390.9
default,Mlc,Bandwidth_matrix,0,,Skt0-Skt1,30198.1
default,Mlc,Bandwidth_matrix,0,,Skt1-Skt0,30175.2
default,Mlc,Bandwidth_matrix,0,,Skt1-Skt1,68450.1
default,Mlc,Peak_bandwidth,0,,ALL Reads,135693.5
default,Mlc,Peak_bandwidth,0,,3:1 Reads-Writes,117539.7
default,Mlc,Peak_bandwidth,0,,2:1 Reads-Writes,109683.6
default,Mlc,Peak_bandwidth,0,,1:1 Reads-Writes ,107657.8
default,Mlc,Peak_bandwidth,0,,Stream-triad,110034.2
default,Mlc,idle_latency,0,,core clocks,172.4
default,Mlc,idle_latency,0,,Latency(ns),	78.5
default,Mlc,loaded_latency,0,,00000_lat(ns),262.75
default,Mlc,loaded_latency,0,,00002_lat(ns),261.91
default,Mlc,loaded_latency,0,,00008_lat(ns),258.69
default,Mlc,loaded_latency,0,,00015_lat(ns),256.48
default,Mlc,loaded_latency,0,,00050_lat(ns),244.63
default,Mlc,loaded_latency,0,,00100_lat(ns),235.91
default,Mlc,loaded_latency,0,,00200_lat(ns),166.32
default,Mlc,loaded_latency,0,,00300_lat(ns),114.34
default,Mlc,loaded_latency,0,,00400_lat(ns),103.10
default,Mlc,loaded_latency,0,,00500_lat(ns),98.14
default,Mlc,loaded_latency,0,,00700_lat(ns),93.20
default,Mlc,loaded_latency,0,,01000_lat(ns),89.96
default,Mlc,loaded_latency,0,,01300_lat(ns),88.51
default,Mlc,loaded_latency,0,,01700_lat(ns),87.34
default,Mlc,loaded_latency,0,,02500_lat(ns),85.52
default,Mlc,loaded_latency,0,,03500_lat(ns),84.33
default,Mlc,loaded_latency,0,,05000_lat(ns),83.80
default,Mlc,loaded_latency,0,,09000_lat(ns),82.46
default,Mlc,loaded_latency,0,,20000_lat(ns),81.85
default,Mlc,loaded_latency,0,,00000_bw(MB/s),133623.7
default,Mlc,loaded_latency,0,,00002_bw(MB/s),133751.0
default,Mlc,loaded_latency,0,,00008_bw(MB/s),133984.8
default,Mlc,loaded_latency,0,,00015_bw(MB/s),134103.0
default,Mlc,loaded_latency,0,,00050_bw(MB/s),132800.4
default,Mlc,loaded_latency,0,,00100_bw(MB/s),131345.3
default,Mlc,loaded_latency,0,,00200_bw(MB/s),126074.9
default,Mlc,loaded_latency,0,,00300_bw(MB/s),96628.8
default,Mlc,loaded_latency,0,,00400_bw(MB/s),73509.2
default,Mlc,loaded_latency,0,,00500_bw(MB/s),59519.5
default,Mlc,loaded_latency,0,,00700_bw(MB/s),43258.0
default,Mlc,loaded_latency,0,,01000_bw(MB/s),30765.1
default,Mlc,loaded_latency,0,,01300_bw(MB/s),23946.1
default,Mlc,loaded_latency,0,,01700_bw(MB/s),18558.2
default,Mlc,loaded_latency,0,,02500_bw(MB/s),12911.1
default,Mlc,loaded_latency,0,,03500_bw(MB/s),9464.4
default,Mlc,loaded_latency,0,,05000_bw(MB/s),6857.6
default,Mlc,loaded_latency,0,,09000_bw(MB/s),4171.0
default,Mlc,loaded_latency,0,,20000_bw(MB/s),2311.1
default,Mlc,RunAll,0,,Skt0-Skt0,68845.0
default,Mlc,RunAll,0,,Skt0-Skt1,30200.5
default,Mlc,RunAll,0,,Skt1-Skt0,30172.3
default,Mlc,RunAll,0,,Skt1-Skt1,65418.5
default,Mlc,RunAll,0,,ALL Reads,134193.5
default,Mlc,RunAll,0,,3:1 Reads-Writes,119545.2
default,Mlc,RunAll,0,,2:1 Reads-Writes,116610.5
default,Mlc,RunAll,0,,1:1 Reads-Writes ,107962.1
default,Mlc,RunAll,0,,Stream-triad,110294.3
default,Mlc,RunAll,0,,00000_lat(ns),384.10
default,Mlc,RunAll,0,,00002_lat(ns),261.30
default,Mlc,RunAll,0,,00008_lat(ns),257.70
default,Mlc,RunAll,0,,00015_lat(ns),255.78
default,Mlc,RunAll,0,,00050_lat(ns),244.46
default,Mlc,RunAll,0,,00100_lat(ns),235.52
default,Mlc,RunAll,0,,00200_lat(ns),167.93
default,Mlc,RunAll,0,,00300_lat(ns),114.46
default,Mlc,RunAll,0,,00400_lat(ns),103.26
default,Mlc,RunAll,0,,00500_lat(ns),98.43
default,Mlc,RunAll,0,,00700_lat(ns),93.32
default,Mlc,RunAll,0,,01000_lat(ns),90.00
default,Mlc,RunAll,0,,01300_lat(ns),88.55
default,Mlc,RunAll,0,,01700_lat(ns),87.48
default,Mlc,RunAll,0,,02500_lat(ns),85.52
default,Mlc,RunAll,0,,03500_lat(ns),84.24
default,Mlc,RunAll,0,,05000_lat(ns),83.43
default,Mlc,RunAll,0,,09000_lat(ns),82.41
default,Mlc,RunAll,0,,20000_lat(ns),81.51
default,Mlc,RunAll,0,,00000_bw(MB/s),69678.0
default,Mlc,RunAll,0,,00002_bw(MB/s),133826.1
default,Mlc,RunAll,0,,00008_bw(MB/s),134160.9
default,Mlc,RunAll,0,,00015_bw(MB/s),134173.4
default,Mlc,RunAll,0,,00050_bw(MB/s),133451.7
default,Mlc,RunAll,0,,00100_bw(MB/s),132257.0
default,Mlc,RunAll,0,,00200_bw(MB/s),127241.0
default,Mlc,RunAll,0,,00300_bw(MB/s),96617.0
default,Mlc,RunAll,0,,00400_bw(MB/s),73537.1
default,Mlc,RunAll,0,,00500_bw(MB/s),59528.0
default,Mlc,RunAll,0,,00700_bw(MB/s),43257.7
default,Mlc,RunAll,0,,01000_bw(MB/s),30761.8
default,Mlc,RunAll,0,,01300_bw(MB/s),23944.2
default,Mlc,RunAll,0,,01700_bw(MB/s),18558.1
default,Mlc,RunAll,0,,02500_bw(MB/s),12908.2
default,Mlc,RunAll,0,,03500_bw(MB/s),9466.1
default,Mlc,RunAll,0,,05000_bw(MB/s),6870.1
default,Mlc,RunAll,0,,09000_bw(MB/s),4171.4
default,Mlc,RunAll,0,,20000_bw(MB/s),2314.4
default,Mlc,Latency_matrix,1,,Skt0-Skt0,80.9
default,Mlc,Latency_matrix,1,,Skt0-Skt1,130.8
default,Mlc,Latency_matrix,1,,Skt1-Skt0,130.9
default,Mlc,Latency_matrix,1,,Skt1-Skt1,81.6
default,Mlc,Bandwidth_matrix,1,,Skt0-Skt0,68437.0
default,Mlc,Bandwidth_matrix,1,,Skt0-Skt1,30205.5
default,Mlc,Bandwidth_matrix,1,,Skt1-Skt0,30168.8
default,Mlc,Bandwidth_matrix,1,,Skt1-Skt1,66224.1
default,Mlc,Peak_bandwidth,1,,ALL Reads,134789.5
default,Mlc,Peak_bandwidth,1,,3:1 Reads-Writes,120294.5
default,Mlc,Peak_bandwidth,1,,2:1 Reads-Writes,117116.7
default,Mlc,Peak_bandwidth,1,,1:1 Reads-Writes ,108498.8
default,Mlc,Peak_bandwidth,1,,Stream-triad,111165.5
default,Mlc,idle_latency,1,,core clocks,178.2
default,Mlc,idle_latency,1,,Latency(ns),	81.2
default,Mlc,loaded_latency,1,,00000_lat(ns),261.48
default,Mlc,loaded_latency,1,,00002_lat(ns),260.82
default,Mlc,loaded_latency,1,,00008_lat(ns),257.38
default,Mlc,loaded_latency,1,,00015_lat(ns),255.49
default,Mlc,loaded_latency,1,,00050_lat(ns),243.87
default,Mlc,loaded_latency,1,,00100_lat(ns),234.79
default,Mlc,loaded_latency,1,,00200_lat(ns),167.54
default,Mlc,loaded_latency,1,,00300_lat(ns),114.24
default,Mlc,loaded_latency,1,,00400_lat(ns),103.15
default,Mlc,loaded_latency,1,,00500_lat(ns),98.26
default,Mlc,loaded_latency,1,,00700_lat(ns),93.20
default,Mlc,loaded_latency,1,,01000_lat(ns),89.91
default,Mlc,loaded_latency,1,,01300_lat(ns),88.50
default,Mlc,loaded_latency,1,,01700_lat(ns),87.38
default,Mlc,loaded_latency,1,,02500_lat(ns),85.36
default,Mlc,loaded_latency,1,,03500_lat(ns),84.15
default,Mlc,loaded_latency,1,,05000_lat(ns),83.25
default,Mlc,loaded_latency,1,,09000_lat(ns),82.25
default,Mlc,loaded_latency,1,,20000_lat(ns),81.72
default,Mlc,loaded_latency,1,,00000_bw(MB/s),133874.7
default,Mlc,loaded_latency,1,,00002_bw(MB/s),133374.0
default,Mlc,loaded_latency,1,,00008_bw(MB/s),134059.3
default,Mlc,loaded_latency,1,,00015_bw(MB/s),133805.8
default,Mlc,loaded_latency,1,,00050_bw(MB/s),132799.4
default,Mlc,loaded_latency,1,,00100_bw(MB/s),131870.0
default,Mlc,loaded_latency,1,,00200_bw(MB/s),126949.8
default,Mlc,loaded_latency,1,,00300_bw(MB/s),96604.1
default,Mlc,loaded_latency,1,,00400_bw(MB/s),73513.2
default,Mlc,loaded_latency,1,,00500_bw(MB/s),59534.1
default,Mlc,loaded_latency,1,,00700_bw(MB/s),43267.2
default,Mlc,loaded_latency,1,,01000_bw(MB/s),30765.9
default,Mlc,loaded_latency,1,,01300_bw(MB/s),23944.0
default,Mlc,loaded_latency,1,,01700_bw(MB/s),18560.6
default,Mlc,loaded_latency,1,,02500_bw(MB/s),12908.2
default,Mlc,loaded_latency,1,,03500_bw(MB/s),9466.2
default,Mlc,loaded_latency,1,,05000_bw(MB/s),6871.3
default,Mlc,loaded_latency,1,,09000_bw(MB/s),4172.9
default,Mlc,loaded_latency,1,,20000_bw(MB/s),2312.4
default,Mlc,RunAll,1,,Skt0-Skt0,68402.0
default,Mlc,RunAll,1,,Skt0-Skt1,30203.5
default,Mlc,RunAll,1,,Skt1-Skt0,30162.1
default,Mlc,RunAll,1,,Skt1-Skt1,66101.1
default,Mlc,RunAll,1,,ALL Reads,134720.9
default,Mlc,RunAll,1,,3:1 Reads-Writes,120462.0
default,Mlc,RunAll,1,,2:1 Reads-Writes,117374.7
default,Mlc,RunAll,1,,1:1 Reads-Writes ,108416.8
default,Mlc,RunAll,1,,Stream-triad,110923.4
default,Mlc,RunAll,1,,00000_lat(ns),383.60
default,Mlc,RunAll,1,,00002_lat(ns),261.01
default,Mlc,RunAll,1,,00008_lat(ns),257.88
default,Mlc,RunAll,1,,00015_lat(ns),256.02
default,Mlc,RunAll,1,,00050_lat(ns),244.44
default,Mlc,RunAll,1,,00100_lat(ns),235.78
default,Mlc,RunAll,1,,00200_lat(ns),165.87
default,Mlc,RunAll,1,,00300_lat(ns),114.46
default,Mlc,RunAll,1,,00400_lat(ns),103.42
default,Mlc,RunAll,1,,00500_lat(ns),98.33
default,Mlc,RunAll,1,,00700_lat(ns),93.18
default,Mlc,RunAll,1,,01000_lat(ns),89.95
default,Mlc,RunAll,1,,01300_lat(ns),88.59
default,Mlc,RunAll,1,,01700_lat(ns),87.45
default,Mlc,RunAll,1,,02500_lat(ns),85.49
default,Mlc,RunAll,1,,03500_lat(ns),84.33
default,Mlc,RunAll,1,,05000_lat(ns),83.46
default,Mlc,RunAll,1,,09000_lat(ns),82.36
default,Mlc,RunAll,1,,20000_lat(ns),81.48
default,Mlc,RunAll,1,,00000_bw(MB/s),69711.4
default,Mlc,RunAll,1,,00002_bw(MB/s),134546.7
default,Mlc,RunAll,1,,00008_bw(MB/s),134652.9
default,Mlc,RunAll,1,,00015_bw(MB/s),134696.9
default,Mlc,RunAll,1,,00050_bw(MB/s),133240.0
default,Mlc,RunAll,1,,00100_bw(MB/s),132383.1
default,Mlc,RunAll,1,,00200_bw(MB/s),126917.5
default,Mlc,RunAll,1,,00300_bw(MB/s),96621.7
default,Mlc,RunAll,1,,00400_bw(MB/s),73534.4
default,Mlc,RunAll,1,,00500_bw(MB/s),59534.7
default,Mlc,RunAll,1,,00700_bw(MB/s),43272.3
default,Mlc,RunAll,1,,01000_bw(MB/s),30759.9
default,Mlc,RunAll,1,,01300_bw(MB/s),23948.5
default,Mlc,RunAll,1,,01700_bw(MB/s),18559.9
default,Mlc,RunAll,1,,02500_bw(MB/s),12906.5
default,Mlc,RunAll,1,,03500_bw(MB/s),9464.1
default,Mlc,RunAll,1,,05000_bw(MB/s),6870.0
default,Mlc,RunAll,1,,09000_bw(MB/s),4172.0
default,Mlc,RunAll,1,,20000_bw(MB/s),2314.6
default,Mlc,Latency_matrix,2,,Skt0-Skt0,80.5
default,Mlc,Latency_matrix,2,,Skt0-Skt1,131.8
default,Mlc,Latency_matrix,2,,Skt1-Skt0,135.6
default,Mlc,Latency_matrix,2,,Skt1-Skt1,80.7
default,Mlc,Bandwidth_matrix,2,,Skt0-Skt0,68552.6
default,Mlc,Bandwidth_matrix,2,,Skt0-Skt1,30201.5
default,Mlc,Bandwidth_matrix,2,,Skt1-Skt0,30169.5
default,Mlc,Bandwidth_matrix,2,,Skt1-Skt1,66338.6
default,Mlc,Peak_bandwidth,2,,ALL Reads,135634.8
default,Mlc,Peak_bandwidth,2,,3:1 Reads-Writes,120076.7
default,Mlc,Peak_bandwidth,2,,2:1 Reads-Writes,117665.3
default,Mlc,Peak_bandwidth,2,,1:1 Reads-Writes ,108837.2
default,Mlc,Peak_bandwidth,2,,Stream-triad,111467.1
default,Mlc,idle_latency,2,,core clocks,172.3
default,Mlc,idle_latency,2,,Latency(ns),	78.5
default,Mlc,loaded_latency,2,,00000_lat(ns),262.28
default,Mlc,loaded_latency,2,,00002_lat(ns),262.04
default,Mlc,loaded_latency,2,,00008_lat(ns),258.01
default,Mlc,loaded_latency,2,,00015_lat(ns),256.23
default,Mlc,loaded_latency,2,,00050_lat(ns),243.84
default,Mlc,loaded_latency,2,,00100_lat(ns),235.21
default,Mlc,loaded_latency,2,,00200_lat(ns),165.99
default,Mlc,loaded_latency,2,,00300_lat(ns),113.95
default,Mlc,loaded_latency,2,,00400_lat(ns),103.02
default,Mlc,loaded_latency,2,,00500_lat(ns),98.10
default,Mlc,loaded_latency,2,,00700_lat(ns),93.19
default,Mlc,loaded_latency,2,,01000_lat(ns),89.96
default,Mlc,loaded_latency,2,,01300_lat(ns),88.51
default,Mlc,loaded_latency,2,,01700_lat(ns),87.34
default,Mlc,loaded_latency,2,,02500_lat(ns),85.50
default,Mlc,loaded_latency,2,,03500_lat(ns),84.33
default,Mlc,loaded_latency,2,,05000_lat(ns),83.45
default,Mlc,loaded_latency,2,,09000_lat(ns),82.41
default,Mlc,loaded_latency,2,,20000_lat(ns),81.83
default,Mlc,loaded_latency,2,,00000_bw(MB/s),134597.9
default,Mlc,loaded_latency,2,,00002_bw(MB/s),135223.9
default,Mlc,loaded_latency,2,,00008_bw(MB/s),134533.7
default,Mlc,loaded_latency,2,,00015_bw(MB/s),134899.6
default,Mlc,loaded_latency,2,,00050_bw(MB/s),134650.6
default,Mlc,loaded_latency,2,,00100_bw(MB/s),133192.3
default,Mlc,loaded_latency,2,,00200_bw(MB/s),127562.6
default,Mlc,loaded_latency,2,,00300_bw(MB/s),96620.6
default,Mlc,loaded_latency,2,,00400_bw(MB/s),73532.4
default,Mlc,loaded_latency,2,,00500_bw(MB/s),59542.0
default,Mlc,loaded_latency,2,,00700_bw(MB/s),43264.0
default,Mlc,loaded_latency,2,,01000_bw(MB/s),30771.0
default,Mlc,loaded_latency,2,,01300_bw(MB/s),23948.1
default,Mlc,loaded_latency,2,,01700_bw(MB/s),18559.9
default,Mlc,loaded_latency,2,,02500_bw(MB/s),12911.5
default,Mlc,loaded_latency,2,,03500_bw(MB/s),9465.8
default,Mlc,loaded_latency,2,,05000_bw(MB/s),6870.9
default,Mlc,loaded_latency,2,,09000_bw(MB/s),4171.9
default,Mlc,loaded_latency,2,,20000_bw(MB/s),2311.4
default,Mlc,RunAll,2,,Skt0-Skt0,69139.8
default,Mlc,RunAll,2,,Skt0-Skt1,30201.3
default,Mlc,RunAll,2,,Skt1-Skt0,30161.9
default,Mlc,RunAll,2,,Skt1-Skt1,67385.1
default,Mlc,RunAll,2,,ALL Reads,136454.0
default,Mlc,RunAll,2,,3:1 Reads-Writes,121086.7
default,Mlc,RunAll,2,,2:1 Reads-Writes,118042.5
default,Mlc,RunAll,2,,1:1 Reads-Writes ,108495.7
default,Mlc,RunAll,2,,Stream-triad,111667.4
default,Mlc,RunAll,2,,00000_lat(ns),384.43
default,Mlc,RunAll,2,,00002_lat(ns),264.53
default,Mlc,RunAll,2,,00008_lat(ns),261.23
default,Mlc,RunAll,2,,00015_lat(ns),258.77
default,Mlc,RunAll,2,,00050_lat(ns),246.16
default,Mlc,RunAll,2,,00100_lat(ns),237.69
default,Mlc,RunAll,2,,00200_lat(ns),167.25
default,Mlc,RunAll,2,,00300_lat(ns),114.06
default,Mlc,RunAll,2,,00400_lat(ns),103.05
default,Mlc,RunAll,2,,00500_lat(ns),98.26
default,Mlc,RunAll,2,,00700_lat(ns),93.32
default,Mlc,RunAll,2,,01000_lat(ns),90.09
default,Mlc,RunAll,2,,01300_lat(ns),88.64
default,Mlc,RunAll,2,,01700_lat(ns),87.53
default,Mlc,RunAll,2,,02500_lat(ns),85.43
default,Mlc,RunAll,2,,03500_lat(ns),84.08
default,Mlc,RunAll,2,,05000_lat(ns),83.10
default,Mlc,RunAll,2,,09000_lat(ns),82.08
default,Mlc,RunAll,2,,20000_lat(ns),81.24
default,Mlc,RunAll,2,,00000_bw(MB/s),69789.9
default,Mlc,RunAll,2,,00002_bw(MB/s),136595.4
default,Mlc,RunAll,2,,00008_bw(MB/s),136746.5
default,Mlc,RunAll,2,,00015_bw(MB/s),136622.9
default,Mlc,RunAll,2,,00050_bw(MB/s),135171.3
default,Mlc,RunAll,2,,00100_bw(MB/s),133554.4
default,Mlc,RunAll,2,,00200_bw(MB/s),128037.9
default,Mlc,RunAll,2,,00300_bw(MB/s),96638.1
default,Mlc,RunAll,2,,00400_bw(MB/s),73527.7
default,Mlc,RunAll,2,,00500_bw(MB/s),59538.1
default,Mlc,RunAll,2,,00700_bw(MB/s),43268.7
default,Mlc,RunAll,2,,01000_bw(MB/s),30761.0
default,Mlc,RunAll,2,,01300_bw(MB/s),23951.6
default,Mlc,RunAll,2,,01700_bw(MB/s),18557.5
default,Mlc,RunAll,2,,02500_bw(MB/s),12908.4
default,Mlc,RunAll,2,,03500_bw(MB/s),9472.0
default,Mlc,RunAll,2,,05000_bw(MB/s),6873.0
default,Mlc,RunAll,2,,09000_bw(MB/s),4174.5
default,Mlc,RunAll,2,,20000_bw(MB/s),2316.9
default,streamServer,NTW_Bandwidth,0,memory_node=all_threads=44,Add,126.4
default,streamServer,NTW_Bandwidth,0,memory_node=all_threads=44,Copy,118.0
default,streamServer,NTW_Bandwidth,0,memory_node=all_threads=44,Scale,118.2
default,streamServer,NTW_Bandwidth,0,memory_node=all_threads=44,Triad,127.3
default,streamServer,NTW_Bandwidth,1,memory_node=all_threads=44,Add,126.7
default,streamServer,NTW_Bandwidth,1,memory_node=all_threads=44,Copy,118.2
default,streamServer,NTW_Bandwidth,1,memory_node=all_threads=44,Scale,118.2
default,streamServer,NTW_Bandwidth,1,memory_node=all_threads=44,Triad,126.8
default,streamServer,NTW_Bandwidth,2,memory_node=all_threads=44,Add,126.8
default,streamServer,NTW_Bandwidth,2,memory_node=all_threads=44,Copy,118.1
default,streamServer,NTW_Bandwidth,2,memory_node=all_threads=44,Scale,118.1
default,streamServer,NTW_Bandwidth,2,memory_node=all_threads=44,Triad,126.6
default,spec06Server,400.perlbench,0,NumCopiesMode=auto_NumCopies=2_Mode=rate_CompileType=base_CompilerVersion=14.0_InstructionSet=avx2,RSF_File_Name,CINT2006.1757.ref.rsf
default,spec06Server,400.perlbench,0,NumCopiesMode=auto_NumCopies=2_Mode=rate_CompileType=base_CompilerVersion=14.0_InstructionSet=avx2,Score,1386.46
default,spec06Server,401.bzip2,0,NumCopiesMode=auto_NumCopies=2_Mode=rate_CompileType=base_CompilerVersion=14.0_InstructionSet=avx2,RSF_File_Name,CINT2006.1758.ref.rsf
default,spec06Server,401.bzip2,0,NumCopiesMode=auto_NumCopies=2_Mode=rate_CompileType=base_CompilerVersion=14.0_InstructionSet=avx2,Score,849.5
default,spec06Server,403.gcc,0,NumCopiesMode=auto_NumCopies=2_Mode=rate_CompileType=base_CompilerVersion=14.0_InstructionSet=avx2,RSF_File_Name,CINT2006.1759.ref.rsf
default,spec06Server,403.gcc,0,NumCopiesMode=auto_NumCopies=2_Mode=rate_CompileType=base_CompilerVersion=14.0_InstructionSet=avx2,Score,1126.02
default,spec06Server,429.mcf,0,NumCopiesMode=auto_NumCopies=2_Mode=rate_CompileType=base_CompilerVersion=14.0_InstructionSet=avx2,RSF_File_Name,CINT2006.1760.ref.rsf
default,spec06Server,429.mcf,0,NumCopiesMode=auto_NumCopies=2_Mode=rate_CompileType=base_CompilerVersion=14.0_InstructionSet=avx2,Score,1896.59
default,spec06Server,445.gobmk,0,NumCopiesMode=auto_NumCopies=2_Mode=rate_CompileType=base_CompilerVersion=14.0_InstructionSet=avx2,RSF_File_Name,CINT2006.1761.ref.rsf
default,spec06Server,445.gobmk,0,NumCopiesMode=auto_NumCopies=2_Mode=rate_CompileType=base_CompilerVersion=14.0_InstructionSet=avx2,Score,1199.92
default,spec06Server,456.hmmer,0,NumCopiesMode=auto_NumCopies=2_Mode=rate_CompileType=base_CompilerVersion=14.0_InstructionSet=avx2,RSF_File_Name,CINT2006.1762.ref.rsf
default,spec06Server,456.hmmer,0,NumCopiesMode=auto_NumCopies=2_Mode=rate_CompileType=base_CompilerVersion=14.0_InstructionSet=avx2,Score,2134.79
default,spec06Server,458.sjeng,0,NumCopiesMode=auto_NumCopies=2_Mode=rate_CompileType=base_CompilerVersion=14.0_InstructionSet=avx2,RSF_File_Name,CINT2006.1763.ref.rsf
default,spec06Server,458.sjeng,0,NumCopiesMode=auto_NumCopies=2_Mode=rate_CompileType=base_CompilerVersion=14.0_InstructionSet=avx2,Score,1289.73
default,spec06Server,462.libquantum,0,NumCopiesMode=auto_NumCopies=2_Mode=rate_CompileType=base_CompilerVersion=14.0_InstructionSet=avx2,RSF_File_Name,CINT2006.1764.ref.rsf
default,spec06Server,462.libquantum,0,NumCopiesMode=auto_NumCopies=2_Mode=rate_CompileType=base_CompilerVersion=14.0_InstructionSet=avx2,Score,11613.72
default,spec06Server,464.h264ref,0,NumCopiesMode=auto_NumCopies=2_Mode=rate_CompileType=base_CompilerVersion=14.0_InstructionSet=avx2,RSF_File_Name,CINT2006.1765.ref.rsf
default,spec06Server,464.h264ref,0,NumCopiesMode=auto_NumCopies=2_Mode=rate_CompileType=base_CompilerVersion=14.0_InstructionSet=avx2,Score,2110.13
default,spec06Server,471.omnetpp,0,NumCopiesMode=auto_NumCopies=2_Mode=rate_CompileType=base_CompilerVersion=14.0_InstructionSet=avx2,RSF_File_Name,CINT2006.1766.ref.rsf
default,spec06Server,471.omnetpp,0,NumCopiesMode=auto_NumCopies=2_Mode=rate_CompileType=base_CompilerVersion=14.0_InstructionSet=avx2,Score,742.83
default,spec06Server,473.astar,0,NumCopiesMode=auto_NumCopies=2_Mode=rate_CompileType=base_CompilerVersion=14.0_InstructionSet=avx2,RSF_File_Name,CINT2006.1767.ref.rsf
default,spec06Server,473.astar,0,NumCopiesMode=auto_NumCopies=2_Mode=rate_CompileType=base_CompilerVersion=14.0_InstructionSet=avx2,Score,811.67
default,spec06Server,483.xalancbmk,0,NumCopiesMode=auto_NumCopies=2_Mode=rate_CompileType=base_CompilerVersion=14.0_InstructionSet=avx2,RSF_File_Name,CINT2006.1768.ref.rsf
default,spec06Server,483.xalancbmk,0,NumCopiesMode=auto_NumCopies=2_Mode=rate_CompileType=base_CompilerVersion=14.0_InstructionSet=avx2,Score,1429.75
default,spec06Server,400.perlbench,1,NumCopiesMode=auto_NumCopies=2_Mode=rate_CompileType=base_CompilerVersion=14.0_InstructionSet=avx2,RSF_File_Name,CINT2006.1769.ref.rsf
default,spec06Server,400.perlbench,1,NumCopiesMode=auto_NumCopies=2_Mode=rate_CompileType=base_CompilerVersion=14.0_InstructionSet=avx2,Score,1387.09
default,spec06Server,401.bzip2,1,NumCopiesMode=auto_NumCopies=2_Mode=rate_CompileType=base_CompilerVersion=14.0_InstructionSet=avx2,RSF_File_Name,CINT2006.1770.ref.rsf
default,spec06Server,401.bzip2,1,NumCopiesMode=auto_NumCopies=2_Mode=rate_CompileType=base_CompilerVersion=14.0_InstructionSet=avx2,Score,845.93
default,spec06Server,403.gcc,1,NumCopiesMode=auto_NumCopies=2_Mode=rate_CompileType=base_CompilerVersion=14.0_InstructionSet=avx2,RSF_File_Name,CINT2006.1771.ref.rsf
default,spec06Server,403.gcc,1,NumCopiesMode=auto_NumCopies=2_Mode=rate_CompileType=base_CompilerVersion=14.0_InstructionSet=avx2,Score,1123.96
default,spec06Server,429.mcf,1,NumCopiesMode=auto_NumCopies=2_Mode=rate_CompileType=base_CompilerVersion=14.0_InstructionSet=avx2,RSF_File_Name,CINT2006.1772.ref.rsf
default,spec06Server,429.mcf,1,NumCopiesMode=auto_NumCopies=2_Mode=rate_CompileType=base_CompilerVersion=14.0_InstructionSet=avx2,Score,1882.25
default,spec06Server,445.gobmk,1,NumCopiesMode=auto_NumCopies=2_Mode=rate_CompileType=base_CompilerVersion=14.0_InstructionSet=avx2,RSF_File_Name,CINT2006.1773.ref.rsf
default,spec06Server,445.gobmk,1,NumCopiesMode=auto_NumCopies=2_Mode=rate_CompileType=base_CompilerVersion=14.0_InstructionSet=avx2,Score,1196.38
default,spec06Server,456.hmmer,1,NumCopiesMode=auto_NumCopies=2_Mode=rate_CompileType=base_CompilerVersion=14.0_InstructionSet=avx2,RSF_File_Name,CINT2006.1774.ref.rsf
default,spec06Server,456.hmmer,1,NumCopiesMode=auto_NumCopies=2_Mode=rate_CompileType=base_CompilerVersion=14.0_InstructionSet=avx2,Score,2141.32
default,spec06Server,458.sjeng,1,NumCopiesMode=auto_NumCopies=2_Mode=rate_CompileType=base_CompilerVersion=14.0_InstructionSet=avx2,RSF_File_Name,CINT2006.1775.ref.rsf
default,spec06Server,458.sjeng,1,NumCopiesMode=auto_NumCopies=2_Mode=rate_CompileType=base_CompilerVersion=14.0_InstructionSet=avx2,Score,1288.88
default,spec06Server,462.libquantum,1,NumCopiesMode=auto_NumCopies=2_Mode=rate_CompileType=base_CompilerVersion=14.0_InstructionSet=avx2,RSF_File_Name,CINT2006.1776.ref.rsf
default,spec06Server,462.libquantum,1,NumCopiesMode=auto_NumCopies=2_Mode=rate_CompileType=base_CompilerVersion=14.0_InstructionSet=avx2,Score,11722.64
default,spec06Server,464.h264ref,1,NumCopiesMode=auto_NumCopies=2_Mode=rate_CompileType=base_CompilerVersion=14.0_InstructionSet=avx2,RSF_File_Name,CINT2006.1777.ref.rsf
default,spec06Server,464.h264ref,1,NumCopiesMode=auto_NumCopies=2_Mode=rate_CompileType=base_CompilerVersion=14.0_InstructionSet=avx2,Score,2109.3
default,spec06Server,471.omnetpp,1,NumCopiesMode=auto_NumCopies=2_Mode=rate_CompileType=base_CompilerVersion=14.0_InstructionSet=avx2,RSF_File_Name,CINT2006.1778.ref.rsf
default,spec06Server,471.omnetpp,1,NumCopiesMode=auto_NumCopies=2_Mode=rate_CompileType=base_CompilerVersion=14.0_InstructionSet=avx2,Score,736.93
default,spec06Server,473.astar,1,NumCopiesMode=auto_NumCopies=2_Mode=rate_CompileType=base_CompilerVersion=14.0_InstructionSet=avx2,RSF_File_Name,CINT2006.1779.ref.rsf
default,spec06Server,473.astar,1,NumCopiesMode=auto_NumCopies=2_Mode=rate_CompileType=base_CompilerVersion=14.0_InstructionSet=avx2,Score,813.56
default,spec06Server,483.xalancbmk,1,NumCopiesMode=auto_NumCopies=2_Mode=rate_CompileType=base_CompilerVersion=14.0_InstructionSet=avx2,RSF_File_Name,CINT2006.1780.ref.rsf
default,spec06Server,483.xalancbmk,1,NumCopiesMode=auto_NumCopies=2_Mode=rate_CompileType=base_CompilerVersion=14.0_InstructionSet=avx2,Score,1426.92
default,spec06Server,400.perlbench,2,NumCopiesMode=auto_NumCopies=2_Mode=rate_CompileType=base_CompilerVersion=14.0_InstructionSet=avx2,RSF_File_Name,CINT2006.1781.ref.rsf
default,spec06Server,400.perlbench,2,NumCopiesMode=auto_NumCopies=2_Mode=rate_CompileType=base_CompilerVersion=14.0_InstructionSet=avx2,Score,1384.6
default,spec06Server,401.bzip2,2,NumCopiesMode=auto_NumCopies=2_Mode=rate_CompileType=base_CompilerVersion=14.0_InstructionSet=avx2,RSF_File_Name,CINT2006.1782.ref.rsf
default,spec06Server,401.bzip2,2,NumCopiesMode=auto_NumCopies=2_Mode=rate_CompileType=base_CompilerVersion=14.0_InstructionSet=avx2,Score,849.69
default,spec06Server,403.gcc,2,NumCopiesMode=auto_NumCopies=2_Mode=rate_CompileType=base_CompilerVersion=14.0_InstructionSet=avx2,RSF_File_Name,CINT2006.1783.ref.rsf
default,spec06Server,403.gcc,2,NumCopiesMode=auto_NumCopies=2_Mode=rate_CompileType=base_CompilerVersion=14.0_InstructionSet=avx2,Score,1120.93
default,spec06Server,429.mcf,2,NumCopiesMode=auto_NumCopies=2_Mode=rate_CompileType=base_CompilerVersion=14.0_InstructionSet=avx2,RSF_File_Name,CINT2006.1784.ref.rsf
default,spec06Server,429.mcf,2,NumCopiesMode=auto_NumCopies=2_Mode=rate_CompileType=base_CompilerVersion=14.0_InstructionSet=avx2,Score,1905.92
default,spec06Server,445.gobmk,2,NumCopiesMode=auto_NumCopies=2_Mode=rate_CompileType=base_CompilerVersion=14.0_InstructionSet=avx2,RSF_File_Name,CINT2006.1785.ref.rsf
default,spec06Server,445.gobmk,2,NumCopiesMode=auto_NumCopies=2_Mode=rate_CompileType=base_CompilerVersion=14.0_InstructionSet=avx2,Score,1196.67
default,spec06Server,456.hmmer,2,NumCopiesMode=auto_NumCopies=2_Mode=rate_CompileType=base_CompilerVersion=14.0_InstructionSet=avx2,RSF_File_Name,CINT2006.1786.ref.rsf
default,spec06Server,456.hmmer,2,NumCopiesMode=auto_NumCopies=2_Mode=rate_CompileType=base_CompilerVersion=14.0_InstructionSet=avx2,Score,2128.57
default,spec06Server,458.sjeng,2,NumCopiesMode=auto_NumCopies=2_Mode=rate_CompileType=base_CompilerVersion=14.0_InstructionSet=avx2,RSF_File_Name,CINT2006.1787.ref.rsf
default,spec06Server,458.sjeng,2,NumCopiesMode=auto_NumCopies=2_Mode=rate_CompileType=base_CompilerVersion=14.0_InstructionSet=avx2,Score,1290.73
default,spec06Server,462.libquantum,2,NumCopiesMode=auto_NumCopies=2_Mode=rate_CompileType=base_CompilerVersion=14.0_InstructionSet=avx2,RSF_File_Name,CINT2006.1788.ref.rsf
default,spec06Server,462.libquantum,2,NumCopiesMode=auto_NumCopies=2_Mode=rate_CompileType=base_CompilerVersion=14.0_InstructionSet=avx2,Score,11698.63
default,spec06Server,464.h264ref,2,NumCopiesMode=auto_NumCopies=2_Mode=rate_CompileType=base_CompilerVersion=14.0_InstructionSet=avx2,RSF_File_Name,CINT2006.1789.ref.rsf
default,spec06Server,464.h264ref,2,NumCopiesMode=auto_NumCopies=2_Mode=rate_CompileType=base_CompilerVersion=14.0_InstructionSet=avx2,Score,2112.07
default,spec06Server,471.omnetpp,2,NumCopiesMode=auto_NumCopies=2_Mode=rate_CompileType=base_CompilerVersion=14.0_InstructionSet=avx2,RSF_File_Name,CINT2006.1790.ref.rsf
default,spec06Server,471.omnetpp,2,NumCopiesMode=auto_NumCopies=2_Mode=rate_CompileType=base_CompilerVersion=14.0_InstructionSet=avx2,Score,741.51
default,spec06Server,473.astar,2,NumCopiesMode=auto_NumCopies=2_Mode=rate_CompileType=base_CompilerVersion=14.0_InstructionSet=avx2,RSF_File_Name,CINT2006.1791.ref.rsf
default,spec06Server,473.astar,2,NumCopiesMode=auto_NumCopies=2_Mode=rate_CompileType=base_CompilerVersion=14.0_InstructionSet=avx2,Score,816.91
default,spec06Server,483.xalancbmk,2,NumCopiesMode=auto_NumCopies=2_Mode=rate_CompileType=base_CompilerVersion=14.0_InstructionSet=avx2,RSF_File_Name,CINT2006.1792.ref.rsf
default,spec06Server,483.xalancbmk,2,NumCopiesMode=auto_NumCopies=2_Mode=rate_CompileType=base_CompilerVersion=14.0_InstructionSet=avx2,Score,1435.84
default,spec06Server,410.bwaves,0,NumCopiesMode=auto_NumCopies=2_Mode=rate_CompileType=base_CompilerVersion=14.0_InstructionSet=avx2,RSF_File_Name,CFP2006.1793.ref.rsf
default,spec06Server,410.bwaves,0,NumCopiesMode=auto_NumCopies=2_Mode=rate_CompileType=base_CompilerVersion=14.0_InstructionSet=avx2,Score,610.72
default,spec06Server,416.gamess,0,NumCopiesMode=auto_NumCopies=2_Mode=rate_CompileType=base_CompilerVersion=14.0_InstructionSet=avx2,RSF_File_Name,CFP2006.1794.ref.rsf
default,spec06Server,416.gamess,0,NumCopiesMode=auto_NumCopies=2_Mode=rate_CompileType=base_CompilerVersion=14.0_InstructionSet=avx2,Score,1428.69
default,spec06Server,433.milc,0,NumCopiesMode=auto_NumCopies=2_Mode=rate_CompileType=base_CompilerVersion=14.0_InstructionSet=avx2,RSF_File_Name,CFP2006.1795.ref.rsf
default,spec06Server,433.milc,0,NumCopiesMode=auto_NumCopies=2_Mode=rate_CompileType=base_CompilerVersion=14.0_InstructionSet=avx2,Score,585.98
default,spec06Server,434.zeusmp,0,NumCopiesMode=auto_NumCopies=2_Mode=rate_CompileType=base_CompilerVersion=14.0_InstructionSet=avx2,RSF_File_Name,CFP2006.1796.ref.rsf
default,spec06Server,434.zeusmp,0,NumCopiesMode=auto_NumCopies=2_Mode=rate_CompileType=base_CompilerVersion=14.0_InstructionSet=avx2,Score,1020.8
default,spec06Server,435.gromacs,0,NumCopiesMode=auto_NumCopies=2_Mode=rate_CompileType=base_CompilerVersion=14.0_InstructionSet=avx2,RSF_File_Name,CFP2006.1797.ref.rsf
default,spec06Server,435.gromacs,0,NumCopiesMode=auto_NumCopies=2_Mode=rate_CompileType=base_CompilerVersion=14.0_InstructionSet=avx2,Score,1725.97
default,spec06Server,436.cactusADM,0,NumCopiesMode=auto_NumCopies=2_Mode=rate_CompileType=base_CompilerVersion=14.0_InstructionSet=avx2,RSF_File_Name,CFP2006.1798.ref.rsf
default,spec06Server,436.cactusADM,0,NumCopiesMode=auto_NumCopies=2_Mode=rate_CompileType=base_CompilerVersion=14.0_InstructionSet=avx2,Score,1127.68
default,spec06Server,437.leslie3d,0,NumCopiesMode=auto_NumCopies=2_Mode=rate_CompileType=base_CompilerVersion=14.0_InstructionSet=avx2,RSF_File_Name,CFP2006.1799.ref.rsf
default,spec06Server,437.leslie3d,0,NumCopiesMode=auto_NumCopies=2_Mode=rate_CompileType=base_CompilerVersion=14.0_InstructionSet=avx2,Score,416.09
default,spec06Server,444.namd,0,NumCopiesMode=auto_NumCopies=2_Mode=rate_CompileType=base_CompilerVersion=14.0_InstructionSet=avx2,RSF_File_Name,CFP2006.1800.ref.rsf
default,spec06Server,444.namd,0,NumCopiesMode=auto_NumCopies=2_Mode=rate_CompileType=base_CompilerVersion=14.0_InstructionSet=avx2,Score,1220.83
default,spec06Server,447.dealII,0,NumCopiesMode=auto_NumCopies=2_Mode=rate_CompileType=base_CompilerVersion=14.0_InstructionSet=avx2,RSF_File_Name,CFP2006.1801.ref.rsf
default,spec06Server,447.dealII,0,NumCopiesMode=auto_NumCopies=2_Mode=rate_CompileType=base_CompilerVersion=14.0_InstructionSet=avx2,Score,2205.05
default,spec06Server,450.soplex,0,NumCopiesMode=auto_NumCopies=2_Mode=rate_CompileType=base_CompilerVersion=14.0_InstructionSet=avx2,RSF_File_Name,CFP2006.1802.ref.rsf
default,spec06Server,450.soplex,0,NumCopiesMode=auto_NumCopies=2_Mode=rate_CompileType=base_CompilerVersion=14.0_InstructionSet=avx2,Score,433.87
default,spec06Server,453.povray,0,NumCopiesMode=auto_NumCopies=2_Mode=rate_CompileType=base_CompilerVersion=14.0_InstructionSet=avx2,RSF_File_Name,CFP2006.1803.ref.rsf
default,spec06Server,453.povray,0,NumCopiesMode=auto_NumCopies=2_Mode=rate_CompileType=base_CompilerVersion=14.0_InstructionSet=avx2,Score,1966.84
default,spec06Server,454.calculix,0,NumCopiesMode=auto_NumCopies=2_Mode=rate_CompileType=base_CompilerVersion=14.0_InstructionSet=avx2,RSF_File_Name,CFP2006.1804.ref.rsf
default,spec06Server,454.calculix,0,NumCopiesMode=auto_NumCopies=2_Mode=rate_CompileType=base_CompilerVersion=14.0_InstructionSet=avx2,Score,1972.8
default,spec06Server,459.GemsFDTD,0,NumCopiesMode=auto_NumCopies=2_Mode=rate_CompileType=base_CompilerVersion=14.0_InstructionSet=avx2,RSF_File_Name,CFP2006.1805.ref.rsf
default,spec06Server,459.GemsFDTD,0,NumCopiesMode=auto_NumCopies=2_Mode=rate_CompileType=base_CompilerVersion=14.0_InstructionSet=avx2,Score,403.02
default,spec06Server,465.tonto,0,NumCopiesMode=auto_NumCopies=2_Mode=rate_CompileType=base_CompilerVersion=14.0_InstructionSet=avx2,RSF_File_Name,CFP2006.1806.ref.rsf
default,spec06Server,465.tonto,0,NumCopiesMode=auto_NumCopies=2_Mode=rate_CompileType=base_CompilerVersion=14.0_InstructionSet=avx2,Score,1200.12
default,spec06Server,470.lbm,0,NumCopiesMode=auto_NumCopies=2_Mode=rate_CompileType=base_CompilerVersion=14.0_InstructionSet=avx2,RSF_File_Name,CFP2006.1807.ref.rsf
default,spec06Server,470.lbm,0,NumCopiesMode=auto_NumCopies=2_Mode=rate_CompileType=base_CompilerVersion=14.0_InstructionSet=avx2,Score,842.46
default,spec06Server,481.wrf,0,NumCopiesMode=auto_NumCopies=2_Mode=rate_CompileType=base_CompilerVersion=14.0_InstructionSet=avx2,RSF_File_Name,CFP2006.1808.ref.rsf
default,spec06Server,481.wrf,0,NumCopiesMode=auto_NumCopies=2_Mode=rate_CompileType=base_CompilerVersion=14.0_InstructionSet=avx2,Score,715.65
default,spec06Server,482.sphinx3,0,NumCopiesMode=auto_NumCopies=2_Mode=rate_CompileType=base_CompilerVersion=14.0_InstructionSet=avx2,RSF_File_Name,CFP2006.1809.ref.rsf
default,spec06Server,482.sphinx3,0,NumCopiesMode=auto_NumCopies=2_Mode=rate_CompileType=base_CompilerVersion=14.0_InstructionSet=avx2,Score,802.46
default,spec06Server,410.bwaves,1,NumCopiesMode=auto_NumCopies=2_Mode=rate_CompileType=base_CompilerVersion=14.0_InstructionSet=avx2,RSF_File_Name,CFP2006.1810.ref.rsf
default,spec06Server,410.bwaves,1,NumCopiesMode=auto_NumCopies=2_Mode=rate_CompileType=base_CompilerVersion=14.0_InstructionSet=avx2,Score,636.25
default,spec06Server,416.gamess,1,NumCopiesMode=auto_NumCopies=2_Mode=rate_CompileType=base_CompilerVersion=14.0_InstructionSet=avx2,RSF_File_Name,CFP2006.1811.ref.rsf
default,spec06Server,416.gamess,1,NumCopiesMode=auto_NumCopies=2_Mode=rate_CompileType=base_CompilerVersion=14.0_InstructionSet=avx2,Score,1430.72
default,spec06Server,433.milc,1,NumCopiesMode=auto_NumCopies=2_Mode=rate_CompileType=base_CompilerVersion=14.0_InstructionSet=avx2,RSF_File_Name,CFP2006.1812.ref.rsf
default,spec06Server,433.milc,1,NumCopiesMode=auto_NumCopies=2_Mode=rate_CompileType=base_CompilerVersion=14.0_InstructionSet=avx2,Score,619.1
default,spec06Server,434.zeusmp,1,NumCopiesMode=auto_NumCopies=2_Mode=rate_CompileType=base_CompilerVersion=14.0_InstructionSet=avx2,RSF_File_Name,CFP2006.1813.ref.rsf
default,spec06Server,434.zeusmp,1,NumCopiesMode=auto_NumCopies=2_Mode=rate_CompileType=base_CompilerVersion=14.0_InstructionSet=avx2,Score,1055.34
default,spec06Server,435.gromacs,1,NumCopiesMode=auto_NumCopies=2_Mode=rate_CompileType=base_CompilerVersion=14.0_InstructionSet=avx2,RSF_File_Name,CFP2006.1814.ref.rsf
default,spec06Server,435.gromacs,1,NumCopiesMode=auto_NumCopies=2_Mode=rate_CompileType=base_CompilerVersion=14.0_InstructionSet=avx2,Score,1734.38
default,spec06Server,436.cactusADM,1,NumCopiesMode=auto_NumCopies=2_Mode=rate_CompileType=base_CompilerVersion=14.0_InstructionSet=avx2,RSF_File_Name,CFP2006.1815.ref.rsf
default,spec06Server,436.cactusADM,1,NumCopiesMode=auto_NumCopies=2_Mode=rate_CompileType=base_CompilerVersion=14.0_InstructionSet=avx2,Score,1169.53
default,spec06Server,437.leslie3d,1,NumCopiesMode=auto_NumCopies=2_Mode=rate_CompileType=base_CompilerVersion=14.0_InstructionSet=avx2,RSF_File_Name,CFP2006.1816.ref.rsf
default,spec06Server,437.leslie3d,1,NumCopiesMode=auto_NumCopies=2_Mode=rate_CompileType=base_CompilerVersion=14.0_InstructionSet=avx2,Score,423.46
default,spec06Server,444.namd,1,NumCopiesMode=auto_NumCopies=2_Mode=rate_CompileType=base_CompilerVersion=14.0_InstructionSet=avx2,RSF_File_Name,CFP2006.1817.ref.rsf
default,spec06Server,444.namd,1,NumCopiesMode=auto_NumCopies=2_Mode=rate_CompileType=base_CompilerVersion=14.0_InstructionSet=avx2,Score,1212.86
default,spec06Server,447.dealII,1,NumCopiesMode=auto_NumCopies=2_Mode=rate_CompileType=base_CompilerVersion=14.0_InstructionSet=avx2,RSF_File_Name,CFP2006.1818.ref.rsf
default,spec06Server,447.dealII,1,NumCopiesMode=auto_NumCopies=2_Mode=rate_CompileType=base_CompilerVersion=14.0_InstructionSet=avx2,Score,2200.6
default,spec06Server,450.soplex,1,NumCopiesMode=auto_NumCopies=2_Mode=rate_CompileType=base_CompilerVersion=14.0_InstructionSet=avx2,RSF_File_Name,CFP2006.1819.ref.rsf
default,spec06Server,450.soplex,1,NumCopiesMode=auto_NumCopies=2_Mode=rate_CompileType=base_CompilerVersion=14.0_InstructionSet=avx2,Score,440.78
default,spec06Server,453.povray,1,NumCopiesMode=auto_NumCopies=2_Mode=rate_CompileType=base_CompilerVersion=14.0_InstructionSet=avx2,RSF_File_Name,CFP2006.1820.ref.rsf
default,spec06Server,453.povray,1,NumCopiesMode=auto_NumCopies=2_Mode=rate_CompileType=base_CompilerVersion=14.0_InstructionSet=avx2,Score,1985.57
default,spec06Server,454.calculix,1,NumCopiesMode=auto_NumCopies=2_Mode=rate_CompileType=base_CompilerVersion=14.0_InstructionSet=avx2,RSF_File_Name,CFP2006.1821.ref.rsf
default,spec06Server,454.calculix,1,NumCopiesMode=auto_NumCopies=2_Mode=rate_CompileType=base_CompilerVersion=14.0_InstructionSet=avx2,Score,1964.92
default,spec06Server,459.GemsFDTD,1,NumCopiesMode=auto_NumCopies=2_Mode=rate_CompileType=base_CompilerVersion=14.0_InstructionSet=avx2,RSF_File_Name,CFP2006.1822.ref.rsf
default,spec06Server,459.GemsFDTD,1,NumCopiesMode=auto_NumCopies=2_Mode=rate_CompileType=base_CompilerVersion=14.0_InstructionSet=avx2,Score,412.43
default,spec06Server,465.tonto,1,NumCopiesMode=auto_NumCopies=2_Mode=rate_CompileType=base_CompilerVersion=14.0_InstructionSet=avx2,RSF_File_Name,CFP2006.1823.ref.rsf
default,spec06Server,465.tonto,1,NumCopiesMode=auto_NumCopies=2_Mode=rate_CompileType=base_CompilerVersion=14.0_InstructionSet=avx2,Score,1245.81
default,spec06Server,470.lbm,1,NumCopiesMode=auto_NumCopies=2_Mode=rate_CompileType=base_CompilerVersion=14.0_InstructionSet=avx2,RSF_File_Name,CFP2006.1824.ref.rsf
default,spec06Server,470.lbm,1,NumCopiesMode=auto_NumCopies=2_Mode=rate_CompileType=base_CompilerVersion=14.0_InstructionSet=avx2,Score,856.95
default,spec06Server,481.wrf,1,NumCopiesMode=auto_NumCopies=2_Mode=rate_CompileType=base_CompilerVersion=14.0_InstructionSet=avx2,RSF_File_Name,CFP2006.1825.ref.rsf
default,spec06Server,481.wrf,1,NumCopiesMode=auto_NumCopies=2_Mode=rate_CompileType=base_CompilerVersion=14.0_InstructionSet=avx2,Score,731.4
default,spec06Server,482.sphinx3,1,NumCopiesMode=auto_NumCopies=2_Mode=rate_CompileType=base_CompilerVersion=14.0_InstructionSet=avx2,RSF_File_Name,CFP2006.1826.ref.rsf
default,spec06Server,482.sphinx3,1,NumCopiesMode=auto_NumCopies=2_Mode=rate_CompileType=base_CompilerVersion=14.0_InstructionSet=avx2,Score,788.59
default,spec06Server,410.bwaves,2,NumCopiesMode=auto_NumCopies=2_Mode=rate_CompileType=base_CompilerVersion=14.0_InstructionSet=avx2,RSF_File_Name,CFP2006.1827.ref.rsf
default,spec06Server,410.bwaves,2,NumCopiesMode=auto_NumCopies=2_Mode=rate_CompileType=base_CompilerVersion=14.0_InstructionSet=avx2,Score,636.01
default,spec06Server,416.gamess,2,NumCopiesMode=auto_NumCopies=2_Mode=rate_CompileType=base_CompilerVersion=14.0_InstructionSet=avx2,RSF_File_Name,CFP2006.1828.ref.rsf
default,spec06Server,416.gamess,2,NumCopiesMode=auto_NumCopies=2_Mode=rate_CompileType=base_CompilerVersion=14.0_InstructionSet=avx2,Score,1430.85
default,spec06Server,433.milc,2,NumCopiesMode=auto_NumCopies=2_Mode=rate_CompileType=base_CompilerVersion=14.0_InstructionSet=avx2,RSF_File_Name,CFP2006.1829.ref.rsf
default,spec06Server,433.milc,2,NumCopiesMode=auto_NumCopies=2_Mode=rate_CompileType=base_CompilerVersion=14.0_InstructionSet=avx2,Score,617.52
default,spec06Server,434.zeusmp,2,NumCopiesMode=auto_NumCopies=2_Mode=rate_CompileType=base_CompilerVersion=14.0_InstructionSet=avx2,RSF_File_Name,CFP2006.1830.ref.rsf
default,spec06Server,434.zeusmp,2,NumCopiesMode=auto_NumCopies=2_Mode=rate_CompileType=base_CompilerVersion=14.0_InstructionSet=avx2,Score,1062.34
default,spec06Server,435.gromacs,2,NumCopiesMode=auto_NumCopies=2_Mode=rate_CompileType=base_CompilerVersion=14.0_InstructionSet=avx2,RSF_File_Name,CFP2006.1831.ref.rsf
default,spec06Server,435.gromacs,2,NumCopiesMode=auto_NumCopies=2_Mode=rate_CompileType=base_CompilerVersion=14.0_InstructionSet=avx2,Score,1734.07
default,spec06Server,436.cactusADM,2,NumCopiesMode=auto_NumCopies=2_Mode=rate_CompileType=base_CompilerVersion=14.0_InstructionSet=avx2,RSF_File_Name,CFP2006.1832.ref.rsf
default,spec06Server,436.cactusADM,2,NumCopiesMode=auto_NumCopies=2_Mode=rate_CompileType=base_CompilerVersion=14.0_InstructionSet=avx2,Score,1179.44
default,spec06Server,437.leslie3d,2,NumCopiesMode=auto_NumCopies=2_Mode=rate_CompileType=base_CompilerVersion=14.0_InstructionSet=avx2,RSF_File_Name,CFP2006.1833.ref.rsf
default,spec06Server,437.leslie3d,2,NumCopiesMode=auto_NumCopies=2_Mode=rate_CompileType=base_CompilerVersion=14.0_InstructionSet=avx2,Score,423.93
default,spec06Server,444.namd,2,NumCopiesMode=auto_NumCopies=2_Mode=rate_CompileType=base_CompilerVersion=14.0_InstructionSet=avx2,RSF_File_Name,CFP2006.1834.ref.rsf
default,spec06Server,444.namd,2,NumCopiesMode=auto_NumCopies=2_Mode=rate_CompileType=base_CompilerVersion=14.0_InstructionSet=avx2,Score,1220.19
default,spec06Server,447.dealII,2,NumCopiesMode=auto_NumCopies=2_Mode=rate_CompileType=base_CompilerVersion=14.0_InstructionSet=avx2,RSF_File_Name,CFP2006.1835.ref.rsf
default,spec06Server,447.dealII,2,NumCopiesMode=auto_NumCopies=2_Mode=rate_CompileType=base_CompilerVersion=14.0_InstructionSet=avx2,Score,2220.02
default,spec06Server,450.soplex,2,NumCopiesMode=auto_NumCopies=2_Mode=rate_CompileType=base_CompilerVersion=14.0_InstructionSet=avx2,RSF_File_Name,CFP2006.1836.ref.rsf
default,spec06Server,450.soplex,2,NumCopiesMode=auto_NumCopies=2_Mode=rate_CompileType=base_CompilerVersion=14.0_InstructionSet=avx2,Score,449.12
default,spec06Server,453.povray,2,NumCopiesMode=auto_NumCopies=2_Mode=rate_CompileType=base_CompilerVersion=14.0_InstructionSet=avx2,RSF_File_Name,CFP2006.1837.ref.rsf
default,spec06Server,453.povray,2,NumCopiesMode=auto_NumCopies=2_Mode=rate_CompileType=base_CompilerVersion=14.0_InstructionSet=avx2,Score,1955.12
default,spec06Server,454.calculix,2,NumCopiesMode=auto_NumCopies=2_Mode=rate_CompileType=base_CompilerVersion=14.0_InstructionSet=avx2,RSF_File_Name,CFP2006.1838.ref.rsf
default,spec06Server,454.calculix,2,NumCopiesMode=auto_NumCopies=2_Mode=rate_CompileType=base_CompilerVersion=14.0_InstructionSet=avx2,Score,1963.08
default,spec06Server,459.GemsFDTD,2,NumCopiesMode=auto_NumCopies=2_Mode=rate_CompileType=base_CompilerVersion=14.0_InstructionSet=avx2,RSF_File_Name,CFP2006.1839.ref.rsf
default,spec06Server,459.GemsFDTD,2,NumCopiesMode=auto_NumCopies=2_Mode=rate_CompileType=base_CompilerVersion=14.0_InstructionSet=avx2,Score,416.96
default,spec06Server,465.tonto,2,NumCopiesMode=auto_NumCopies=2_Mode=rate_CompileType=base_CompilerVersion=14.0_InstructionSet=avx2,RSF_File_Name,CFP2006.1840.ref.rsf
default,spec06Server,465.tonto,2,NumCopiesMode=auto_NumCopies=2_Mode=rate_CompileType=base_CompilerVersion=14.0_InstructionSet=avx2,Score,1230.7
default,spec06Server,470.lbm,2,NumCopiesMode=auto_NumCopies=2_Mode=rate_CompileType=base_CompilerVersion=14.0_InstructionSet=avx2,RSF_File_Name,CFP2006.1841.ref.rsf
default,spec06Server,470.lbm,2,NumCopiesMode=auto_NumCopies=2_Mode=rate_CompileType=base_CompilerVersion=14.0_InstructionSet=avx2,Score,865.71
default,spec06Server,481.wrf,2,NumCopiesMode=auto_NumCopies=2_Mode=rate_CompileType=base_CompilerVersion=14.0_InstructionSet=avx2,RSF_File_Name,CFP2006.1842.ref.rsf
default,spec06Server,481.wrf,2,NumCopiesMode=auto_NumCopies=2_Mode=rate_CompileType=base_CompilerVersion=14.0_InstructionSet=avx2,Score,730.99
default,spec06Server,482.sphinx3,2,NumCopiesMode=auto_NumCopies=2_Mode=rate_CompileType=base_CompilerVersion=14.0_InstructionSet=avx2,RSF_File_Name,CFP2006.1843.ref.rsf
default,spec06Server,482.sphinx3,2,NumCopiesMode=auto_NumCopies=2_Mode=rate_CompileType=base_CompilerVersion=14.0_InstructionSet=avx2,Score,796.44
default,spec06Server,400.perlbench,0,NumCopiesMode=manual_NumCopies=1_Mode=rate_CompileType=base_CompilerVersion=14.0_InstructionSet=avx2,RSF_File_Name,CINT2006.1844.ref.rsf
default,spec06Server,400.perlbench,0,NumCopiesMode=manual_NumCopies=1_Mode=rate_CompileType=base_CompilerVersion=14.0_InstructionSet=avx2,Score,40.88
default,spec06Server,401.bzip2,0,NumCopiesMode=manual_NumCopies=1_Mode=rate_CompileType=base_CompilerVersion=14.0_InstructionSet=avx2,RSF_File_Name,CINT2006.1845.ref.rsf
default,spec06Server,401.bzip2,0,NumCopiesMode=manual_NumCopies=1_Mode=rate_CompileType=base_CompilerVersion=14.0_InstructionSet=avx2,Score,23.46
default,spec06Server,403.gcc,0,NumCopiesMode=manual_NumCopies=1_Mode=rate_CompileType=base_CompilerVersion=14.0_InstructionSet=avx2,RSF_File_Name,CINT2006.1846.ref.rsf
default,spec06Server,403.gcc,0,NumCopiesMode=manual_NumCopies=1_Mode=rate_CompileType=base_CompilerVersion=14.0_InstructionSet=avx2,Score,42.92
default,spec06Server,429.mcf,0,NumCopiesMode=manual_NumCopies=1_Mode=rate_CompileType=base_CompilerVersion=14.0_InstructionSet=avx2,RSF_File_Name,CINT2006.1847.ref.rsf
default,spec06Server,429.mcf,0,NumCopiesMode=manual_NumCopies=1_Mode=rate_CompileType=base_CompilerVersion=14.0_InstructionSet=avx2,Score,73.51
default,spec06Server,445.gobmk,0,NumCopiesMode=manual_NumCopies=1_Mode=rate_CompileType=base_CompilerVersion=14.0_InstructionSet=avx2,RSF_File_Name,CINT2006.1848.ref.rsf
default,spec06Server,445.gobmk,0,NumCopiesMode=manual_NumCopies=1_Mode=rate_CompileType=base_CompilerVersion=14.0_InstructionSet=avx2,Score,29.71
default,spec06Server,456.hmmer,0,NumCopiesMode=manual_NumCopies=1_Mode=rate_CompileType=base_CompilerVersion=14.0_InstructionSet=avx2,RSF_File_Name,CINT2006.1849.ref.rsf
default,spec06Server,456.hmmer,0,NumCopiesMode=manual_NumCopies=1_Mode=rate_CompileType=base_CompilerVersion=14.0_InstructionSet=avx2,Score,78.44
default,spec06Server,458.sjeng,0,NumCopiesMode=manual_NumCopies=1_Mode=rate_CompileType=base_CompilerVersion=14.0_InstructionSet=avx2,RSF_File_Name,CINT2006.1850.ref.rsf
default,spec06Server,458.sjeng,0,NumCopiesMode=manual_NumCopies=1_Mode=rate_CompileType=base_CompilerVersion=14.0_InstructionSet=avx2,Score,34.44
default,spec06Server,462.libquantum,0,NumCopiesMode=manual_NumCopies=1_Mode=rate_CompileType=base_CompilerVersion=14.0_InstructionSet=avx2,RSF_File_Name,CINT2006.1851.ref.rsf
default,spec06Server,462.libquantum,0,NumCopiesMode=manual_NumCopies=1_Mode=rate_CompileType=base_CompilerVersion=14.0_InstructionSet=avx2,Score,575.53
default,spec06Server,464.h264ref,0,NumCopiesMode=manual_NumCopies=1_Mode=rate_CompileType=base_CompilerVersion=14.0_InstructionSet=avx2,RSF_File_Name,CINT2006.1852.ref.rsf
default,spec06Server,464.h264ref,0,NumCopiesMode=manual_NumCopies=1_Mode=rate_CompileType=base_CompilerVersion=14.0_InstructionSet=avx2,Score,64.92
default,spec06Server,471.omnetpp,0,NumCopiesMode=manual_NumCopies=1_Mode=rate_CompileType=base_CompilerVersion=14.0_InstructionSet=avx2,RSF_File_Name,CINT2006.1853.ref.rsf
default,spec06Server,471.omnetpp,0,NumCopiesMode=manual_NumCopies=1_Mode=rate_CompileType=base_CompilerVersion=14.0_InstructionSet=avx2,Score,48.39
default,spec06Server,473.astar,0,NumCopiesMode=manual_NumCopies=1_Mode=rate_CompileType=base_CompilerVersion=14.0_InstructionSet=avx2,RSF_File_Name,CINT2006.1854.ref.rsf
default,spec06Server,473.astar,0,NumCopiesMode=manual_NumCopies=1_Mode=rate_CompileType=base_CompilerVersion=14.0_InstructionSet=avx2,Score,30.53
default,spec06Server,483.xalancbmk,0,NumCopiesMode=manual_NumCopies=1_Mode=rate_CompileType=base_CompilerVersion=14.0_InstructionSet=avx2,RSF_File_Name,CINT2006.1855.ref.rsf
default,spec06Server,483.xalancbmk,0,NumCopiesMode=manual_NumCopies=1_Mode=rate_CompileType=base_CompilerVersion=14.0_InstructionSet=avx2,Score,71.93
default,spec06Server,400.perlbench,1,NumCopiesMode=manual_NumCopies=1_Mode=rate_CompileType=base_CompilerVersion=14.0_InstructionSet=avx2,RSF_File_Name,CINT2006.1856.ref.rsf
default,spec06Server,400.perlbench,1,NumCopiesMode=manual_NumCopies=1_Mode=rate_CompileType=base_CompilerVersion=14.0_InstructionSet=avx2,Score,40.97
default,spec06Server,401.bzip2,1,NumCopiesMode=manual_NumCopies=1_Mode=rate_CompileType=base_CompilerVersion=14.0_InstructionSet=avx2,RSF_File_Name,CINT2006.1857.ref.rsf
default,spec06Server,401.bzip2,1,NumCopiesMode=manual_NumCopies=1_Mode=rate_CompileType=base_CompilerVersion=14.0_InstructionSet=avx2,Score,23.52
default,spec06Server,403.gcc,1,NumCopiesMode=manual_NumCopies=1_Mode=rate_CompileType=base_CompilerVersion=14.0_InstructionSet=avx2,RSF_File_Name,CINT2006.1858.ref.rsf
default,spec06Server,403.gcc,1,NumCopiesMode=manual_NumCopies=1_Mode=rate_CompileType=base_CompilerVersion=14.0_InstructionSet=avx2,Score,43.04
default,spec06Server,429.mcf,1,NumCopiesMode=manual_NumCopies=1_Mode=rate_CompileType=base_CompilerVersion=14.0_InstructionSet=avx2,RSF_File_Name,CINT2006.1859.ref.rsf
default,spec06Server,429.mcf,1,NumCopiesMode=manual_NumCopies=1_Mode=rate_CompileType=base_CompilerVersion=14.0_InstructionSet=avx2,Score,73.37
default,spec06Server,445.gobmk,1,NumCopiesMode=manual_NumCopies=1_Mode=rate_CompileType=base_CompilerVersion=14.0_InstructionSet=avx2,RSF_File_Name,CINT2006.1860.ref.rsf
default,spec06Server,445.gobmk,1,NumCopiesMode=manual_NumCopies=1_Mode=rate_CompileType=base_CompilerVersion=14.0_InstructionSet=avx2,Score,29.73
default,spec06Server,456.hmmer,1,NumCopiesMode=manual_NumCopies=1_Mode=rate_CompileType=base_CompilerVersion=14.0_InstructionSet=avx2,RSF_File_Name,CINT2006.1861.ref.rsf
default,spec06Server,456.hmmer,1,NumCopiesMode=manual_NumCopies=1_Mode=rate_CompileType=base_CompilerVersion=14.0_InstructionSet=avx2,Score,78.3
default,spec06Server,458.sjeng,1,NumCopiesMode=manual_NumCopies=1_Mode=rate_CompileType=base_CompilerVersion=14.0_InstructionSet=avx2,RSF_File_Name,CINT2006.1862.ref.rsf
default,spec06Server,458.sjeng,1,NumCopiesMode=manual_NumCopies=1_Mode=rate_CompileType=base_CompilerVersion=14.0_InstructionSet=avx2,Score,34.33
default,spec06Server,462.libquantum,1,NumCopiesMode=manual_NumCopies=1_Mode=rate_CompileType=base_CompilerVersion=14.0_InstructionSet=avx2,RSF_File_Name,CINT2006.1863.ref.rsf
default,spec06Server,462.libquantum,1,NumCopiesMode=manual_NumCopies=1_Mode=rate_CompileType=base_CompilerVersion=14.0_InstructionSet=avx2,Score,574.72
default,spec06Server,464.h264ref,1,NumCopiesMode=manual_NumCopies=1_Mode=rate_CompileType=base_CompilerVersion=14.0_InstructionSet=avx2,RSF_File_Name,CINT2006.1864.ref.rsf
default,spec06Server,464.h264ref,1,NumCopiesMode=manual_NumCopies=1_Mode=rate_CompileType=base_CompilerVersion=14.0_InstructionSet=avx2,Score,65.03
default,spec06Server,471.omnetpp,1,NumCopiesMode=manual_NumCopies=1_Mode=rate_CompileType=base_CompilerVersion=14.0_InstructionSet=avx2,RSF_File_Name,CINT2006.1865.ref.rsf
default,spec06Server,471.omnetpp,1,NumCopiesMode=manual_NumCopies=1_Mode=rate_CompileType=base_CompilerVersion=14.0_InstructionSet=avx2,Score,48.05
default,spec06Server,473.astar,1,NumCopiesMode=manual_NumCopies=1_Mode=rate_CompileType=base_CompilerVersion=14.0_InstructionSet=avx2,RSF_File_Name,CINT2006.1866.ref.rsf
default,spec06Server,473.astar,1,NumCopiesMode=manual_NumCopies=1_Mode=rate_CompileType=base_CompilerVersion=14.0_InstructionSet=avx2,Score,30.6
default,spec06Server,483.xalancbmk,1,NumCopiesMode=manual_NumCopies=1_Mode=rate_CompileType=base_CompilerVersion=14.0_InstructionSet=avx2,RSF_File_Name,CINT2006.1867.ref.rsf
default,spec06Server,483.xalancbmk,1,NumCopiesMode=manual_NumCopies=1_Mode=rate_CompileType=base_CompilerVersion=14.0_InstructionSet=avx2,Score,71.91
default,spec06Server,400.perlbench,2,NumCopiesMode=manual_NumCopies=1_Mode=rate_CompileType=base_CompilerVersion=14.0_InstructionSet=avx2,RSF_File_Name,CINT2006.1868.ref.rsf
default,spec06Server,400.perlbench,2,NumCopiesMode=manual_NumCopies=1_Mode=rate_CompileType=base_CompilerVersion=14.0_InstructionSet=avx2,Score,40.8
default,spec06Server,401.bzip2,2,NumCopiesMode=manual_NumCopies=1_Mode=rate_CompileType=base_CompilerVersion=14.0_InstructionSet=avx2,RSF_File_Name,CINT2006.1869.ref.rsf
default,spec06Server,401.bzip2,2,NumCopiesMode=manual_NumCopies=1_Mode=rate_CompileType=base_CompilerVersion=14.0_InstructionSet=avx2,Score,23.45
default,spec06Server,403.gcc,2,NumCopiesMode=manual_NumCopies=1_Mode=rate_CompileType=base_CompilerVersion=14.0_InstructionSet=avx2,RSF_File_Name,CINT2006.1870.ref.rsf
default,spec06Server,403.gcc,2,NumCopiesMode=manual_NumCopies=1_Mode=rate_CompileType=base_CompilerVersion=14.0_InstructionSet=avx2,Score,43.01
default,spec06Server,429.mcf,2,NumCopiesMode=manual_NumCopies=1_Mode=rate_CompileType=base_CompilerVersion=14.0_InstructionSet=avx2,RSF_File_Name,CINT2006.1871.ref.rsf
default,spec06Server,429.mcf,2,NumCopiesMode=manual_NumCopies=1_Mode=rate_CompileType=base_CompilerVersion=14.0_InstructionSet=avx2,Score,73.64
default,spec06Server,445.gobmk,2,NumCopiesMode=manual_NumCopies=1_Mode=rate_CompileType=base_CompilerVersion=14.0_InstructionSet=avx2,RSF_File_Name,CINT2006.1872.ref.rsf
default,spec06Server,445.gobmk,2,NumCopiesMode=manual_NumCopies=1_Mode=rate_CompileType=base_CompilerVersion=14.0_InstructionSet=avx2,Score,29.76
default,spec06Server,456.hmmer,2,NumCopiesMode=manual_NumCopies=1_Mode=rate_CompileType=base_CompilerVersion=14.0_InstructionSet=avx2,RSF_File_Name,CINT2006.1873.ref.rsf
default,spec06Server,456.hmmer,2,NumCopiesMode=manual_NumCopies=1_Mode=rate_CompileType=base_CompilerVersion=14.0_InstructionSet=avx2,Score,78.3
default,spec06Server,458.sjeng,2,NumCopiesMode=manual_NumCopies=1_Mode=rate_CompileType=base_CompilerVersion=14.0_InstructionSet=avx2,RSF_File_Name,CINT2006.1874.ref.rsf
default,spec06Server,458.sjeng,2,NumCopiesMode=manual_NumCopies=1_Mode=rate_CompileType=base_CompilerVersion=14.0_InstructionSet=avx2,Score,34.32
default,spec06Server,462.libquantum,2,NumCopiesMode=manual_NumCopies=1_Mode=rate_CompileType=base_CompilerVersion=14.0_InstructionSet=avx2,RSF_File_Name,CINT2006.1875.ref.rsf
default,spec06Server,462.libquantum,2,NumCopiesMode=manual_NumCopies=1_Mode=rate_CompileType=base_CompilerVersion=14.0_InstructionSet=avx2,Score,571.37
default,spec06Server,464.h264ref,2,NumCopiesMode=manual_NumCopies=1_Mode=rate_CompileType=base_CompilerVersion=14.0_InstructionSet=avx2,RSF_File_Name,CINT2006.1876.ref.rsf
default,spec06Server,464.h264ref,2,NumCopiesMode=manual_NumCopies=1_Mode=rate_CompileType=base_CompilerVersion=14.0_InstructionSet=avx2,Score,64.72
default,spec06Server,471.omnetpp,2,NumCopiesMode=manual_NumCopies=1_Mode=rate_CompileType=base_CompilerVersion=14.0_InstructionSet=avx2,RSF_File_Name,CINT2006.1877.ref.rsf
default,spec06Server,471.omnetpp,2,NumCopiesMode=manual_NumCopies=1_Mode=rate_CompileType=base_CompilerVersion=14.0_InstructionSet=avx2,Score,50.08
default,spec06Server,473.astar,2,NumCopiesMode=manual_NumCopies=1_Mode=rate_CompileType=base_CompilerVersion=14.0_InstructionSet=avx2,RSF_File_Name,CINT2006.1878.ref.rsf
default,spec06Server,473.astar,2,NumCopiesMode=manual_NumCopies=1_Mode=rate_CompileType=base_CompilerVersion=14.0_InstructionSet=avx2,Score,30.59
default,spec06Server,483.xalancbmk,2,NumCopiesMode=manual_NumCopies=1_Mode=rate_CompileType=base_CompilerVersion=14.0_InstructionSet=avx2,RSF_File_Name,CINT2006.1879.ref.rsf
default,spec06Server,483.xalancbmk,2,NumCopiesMode=manual_NumCopies=1_Mode=rate_CompileType=base_CompilerVersion=14.0_InstructionSet=avx2,Score,71.71
default,spec06Server,410.bwaves,0,NumCopiesMode=manual_NumCopies=1_Mode=rate_CompileType=base_CompilerVersion=14.0_InstructionSet=avx2,RSF_File_Name,CFP2006.1880.ref.rsf
default,spec06Server,410.bwaves,0,NumCopiesMode=manual_NumCopies=1_Mode=rate_CompileType=base_CompilerVersion=14.0_InstructionSet=avx2,Score,78.42
default,spec06Server,416.gamess,0,NumCopiesMode=manual_NumCopies=1_Mode=rate_CompileType=base_CompilerVersion=14.0_InstructionSet=avx2,RSF_File_Name,CFP2006.1881.ref.rsf
default,spec06Server,416.gamess,0,NumCopiesMode=manual_NumCopies=1_Mode=rate_CompileType=base_CompilerVersion=14.0_InstructionSet=avx2,Score,44.52
default,spec06Server,433.milc,0,NumCopiesMode=manual_NumCopies=1_Mode=rate_CompileType=base_CompilerVersion=14.0_InstructionSet=avx2,RSF_File_Name,CFP2006.1882.ref.rsf
default,spec06Server,433.milc,0,NumCopiesMode=manual_NumCopies=1_Mode=rate_CompileType=base_CompilerVersion=14.0_InstructionSet=avx2,Score,72.43
default,spec06Server,434.zeusmp,0,NumCopiesMode=manual_NumCopies=1_Mode=rate_CompileType=base_CompilerVersion=14.0_InstructionSet=avx2,RSF_File_Name,CFP2006.1883.ref.rsf
default,spec06Server,434.zeusmp,0,NumCopiesMode=manual_NumCopies=1_Mode=rate_CompileType=base_CompilerVersion=14.0_InstructionSet=avx2,Score,53.7
default,spec06Server,435.gromacs,0,NumCopiesMode=manual_NumCopies=1_Mode=rate_CompileType=base_CompilerVersion=14.0_InstructionSet=avx2,RSF_File_Name,CFP2006.1884.ref.rsf
default,spec06Server,435.gromacs,0,NumCopiesMode=manual_NumCopies=1_Mode=rate_CompileType=base_CompilerVersion=14.0_InstructionSet=avx2,Score,50.13
default,spec06Server,436.cactusADM,0,NumCopiesMode=manual_NumCopies=1_Mode=rate_CompileType=base_CompilerVersion=14.0_InstructionSet=avx2,RSF_File_Name,CFP2006.1885.ref.rsf
default,spec06Server,436.cactusADM,0,NumCopiesMode=manual_NumCopies=1_Mode=rate_CompileType=base_CompilerVersion=14.0_InstructionSet=avx2,Score,90.55
default,spec06Server,437.leslie3d,0,NumCopiesMode=manual_NumCopies=1_Mode=rate_CompileType=base_CompilerVersion=14.0_InstructionSet=avx2,RSF_File_Name,CFP2006.1886.ref.rsf
default,spec06Server,437.leslie3d,0,NumCopiesMode=manual_NumCopies=1_Mode=rate_CompileType=base_CompilerVersion=14.0_InstructionSet=avx2,Score,67.55
default,spec06Server,444.namd,0,NumCopiesMode=manual_NumCopies=1_Mode=rate_CompileType=base_CompilerVersion=14.0_InstructionSet=avx2,RSF_File_Name,CFP2006.1887.ref.rsf
default,spec06Server,444.namd,0,NumCopiesMode=manual_NumCopies=1_Mode=rate_CompileType=base_CompilerVersion=14.0_InstructionSet=avx2,Score,29.6
default,spec06Server,447.dealII,0,NumCopiesMode=manual_NumCopies=1_Mode=rate_CompileType=base_CompilerVersion=14.0_InstructionSet=avx2,RSF_File_Name,CFP2006.1888.ref.rsf
default,spec06Server,447.dealII,0,NumCopiesMode=manual_NumCopies=1_Mode=rate_CompileType=base_CompilerVersion=14.0_InstructionSet=avx2,Score,63.12
default,spec06Server,450.soplex,0,NumCopiesMode=manual_NumCopies=1_Mode=rate_CompileType=base_CompilerVersion=14.0_InstructionSet=avx2,RSF_File_Name,CFP2006.1889.ref.rsf
default,spec06Server,450.soplex,0,NumCopiesMode=manual_NumCopies=1_Mode=rate_CompileType=base_CompilerVersion=14.0_InstructionSet=avx2,Score,48.88
default,spec06Server,453.povray,0,NumCopiesMode=manual_NumCopies=1_Mode=rate_CompileType=base_CompilerVersion=14.0_InstructionSet=avx2,RSF_File_Name,CFP2006.1890.ref.rsf
default,spec06Server,453.povray,0,NumCopiesMode=manual_NumCopies=1_Mode=rate_CompileType=base_CompilerVersion=14.0_InstructionSet=avx2,Score,62.57
default,spec06Server,454.calculix,0,NumCopiesMode=manual_NumCopies=1_Mode=rate_CompileType=base_CompilerVersion=14.0_InstructionSet=avx2,RSF_File_Name,CFP2006.1891.ref.rsf
default,spec06Server,454.calculix,0,NumCopiesMode=manual_NumCopies=1_Mode=rate_CompileType=base_CompilerVersion=14.0_InstructionSet=avx2,Score,55.42
default,spec06Server,459.GemsFDTD,0,NumCopiesMode=manual_NumCopies=1_Mode=rate_CompileType=base_CompilerVersion=14.0_InstructionSet=avx2,RSF_File_Name,CFP2006.1892.ref.rsf
default,spec06Server,459.GemsFDTD,0,NumCopiesMode=manual_NumCopies=1_Mode=rate_CompileType=base_CompilerVersion=14.0_InstructionSet=avx2,Score,30.16
default,spec06Server,465.tonto,0,NumCopiesMode=manual_NumCopies=1_Mode=rate_CompileType=base_CompilerVersion=14.0_InstructionSet=avx2,RSF_File_Name,CFP2006.1893.ref.rsf
default,spec06Server,465.tonto,0,NumCopiesMode=manual_NumCopies=1_Mode=rate_CompileType=base_CompilerVersion=14.0_InstructionSet=avx2,Score,53.69
default,spec06Server,470.lbm,0,NumCopiesMode=manual_NumCopies=1_Mode=rate_CompileType=base_CompilerVersion=14.0_InstructionSet=avx2,RSF_File_Name,CFP2006.1894.ref.rsf
default,spec06Server,470.lbm,0,NumCopiesMode=manual_NumCopies=1_Mode=rate_CompileType=base_CompilerVersion=14.0_InstructionSet=avx2,Score,62.65
default,spec06Server,481.wrf,0,NumCopiesMode=manual_NumCopies=1_Mode=rate_CompileType=base_CompilerVersion=14.0_InstructionSet=avx2,RSF_File_Name,CFP2006.1895.ref.rsf
default,spec06Server,481.wrf,0,NumCopiesMode=manual_NumCopies=1_Mode=rate_CompileType=base_CompilerVersion=14.0_InstructionSet=avx2,Score,79.75
default,spec06Server,482.sphinx3,0,NumCopiesMode=manual_NumCopies=1_Mode=rate_CompileType=base_CompilerVersion=14.0_InstructionSet=avx2,RSF_File_Name,CFP2006.1896.ref.rsf
default,spec06Server,482.sphinx3,0,NumCopiesMode=manual_NumCopies=1_Mode=rate_CompileType=base_CompilerVersion=14.0_InstructionSet=avx2,Score,64.61
default,spec06Server,410.bwaves,1,NumCopiesMode=manual_NumCopies=1_Mode=rate_CompileType=base_CompilerVersion=14.0_InstructionSet=avx2,RSF_File_Name,CFP2006.1897.ref.rsf
default,spec06Server,410.bwaves,1,NumCopiesMode=manual_NumCopies=1_Mode=rate_CompileType=base_CompilerVersion=14.0_InstructionSet=avx2,Score,78.64
default,spec06Server,416.gamess,1,NumCopiesMode=manual_NumCopies=1_Mode=rate_CompileType=base_CompilerVersion=14.0_InstructionSet=avx2,RSF_File_Name,CFP2006.1898.ref.rsf
default,spec06Server,416.gamess,1,NumCopiesMode=manual_NumCopies=1_Mode=rate_CompileType=base_CompilerVersion=14.0_InstructionSet=avx2,Score,44.59
default,spec06Server,433.milc,1,NumCopiesMode=manual_NumCopies=1_Mode=rate_CompileType=base_CompilerVersion=14.0_InstructionSet=avx2,RSF_File_Name,CFP2006.1899.ref.rsf
default,spec06Server,433.milc,1,NumCopiesMode=manual_NumCopies=1_Mode=rate_CompileType=base_CompilerVersion=14.0_InstructionSet=avx2,Score,72.76
default,spec06Server,434.zeusmp,1,NumCopiesMode=manual_NumCopies=1_Mode=rate_CompileType=base_CompilerVersion=14.0_InstructionSet=avx2,RSF_File_Name,CFP2006.1900.ref.rsf
default,spec06Server,434.zeusmp,1,NumCopiesMode=manual_NumCopies=1_Mode=rate_CompileType=base_CompilerVersion=14.0_InstructionSet=avx2,Score,53.27
default,spec06Server,435.gromacs,1,NumCopiesMode=manual_NumCopies=1_Mode=rate_CompileType=base_CompilerVersion=14.0_InstructionSet=avx2,RSF_File_Name,CFP2006.1901.ref.rsf
default,spec06Server,435.gromacs,1,NumCopiesMode=manual_NumCopies=1_Mode=rate_CompileType=base_CompilerVersion=14.0_InstructionSet=avx2,Score,50.21
default,spec06Server,436.cactusADM,1,NumCopiesMode=manual_NumCopies=1_Mode=rate_CompileType=base_CompilerVersion=14.0_InstructionSet=avx2,RSF_File_Name,CFP2006.1902.ref.rsf
default,spec06Server,436.cactusADM,1,NumCopiesMode=manual_NumCopies=1_Mode=rate_CompileType=base_CompilerVersion=14.0_InstructionSet=avx2,Score,91.2
default,spec06Server,437.leslie3d,1,NumCopiesMode=manual_NumCopies=1_Mode=rate_CompileType=base_CompilerVersion=14.0_InstructionSet=avx2,RSF_File_Name,CFP2006.1903.ref.rsf
default,spec06Server,437.leslie3d,1,NumCopiesMode=manual_NumCopies=1_Mode=rate_CompileType=base_CompilerVersion=14.0_InstructionSet=avx2,Score,67.17
default,spec06Server,444.namd,1,NumCopiesMode=manual_NumCopies=1_Mode=rate_CompileType=base_CompilerVersion=14.0_InstructionSet=avx2,RSF_File_Name,CFP2006.1904.ref.rsf
default,spec06Server,444.namd,1,NumCopiesMode=manual_NumCopies=1_Mode=rate_CompileType=base_CompilerVersion=14.0_InstructionSet=avx2,Score,29.57
default,spec06Server,447.dealII,1,NumCopiesMode=manual_NumCopies=1_Mode=rate_CompileType=base_CompilerVersion=14.0_InstructionSet=avx2,RSF_File_Name,CFP2006.1905.ref.rsf
default,spec06Server,447.dealII,1,NumCopiesMode=manual_NumCopies=1_Mode=rate_CompileType=base_CompilerVersion=14.0_InstructionSet=avx2,Score,63.11
default,spec06Server,450.soplex,1,NumCopiesMode=manual_NumCopies=1_Mode=rate_CompileType=base_CompilerVersion=14.0_InstructionSet=avx2,RSF_File_Name,CFP2006.1906.ref.rsf
default,spec06Server,450.soplex,1,NumCopiesMode=manual_NumCopies=1_Mode=rate_CompileType=base_CompilerVersion=14.0_InstructionSet=avx2,Score,48.74
default,spec06Server,453.povray,1,NumCopiesMode=manual_NumCopies=1_Mode=rate_CompileType=base_CompilerVersion=14.0_InstructionSet=avx2,RSF_File_Name,CFP2006.1907.ref.rsf
default,spec06Server,453.povray,1,NumCopiesMode=manual_NumCopies=1_Mode=rate_CompileType=base_CompilerVersion=14.0_InstructionSet=avx2,Score,63.02
default,spec06Server,454.calculix,1,NumCopiesMode=manual_NumCopies=1_Mode=rate_CompileType=base_CompilerVersion=14.0_InstructionSet=avx2,RSF_File_Name,CFP2006.1908.ref.rsf
default,spec06Server,454.calculix,1,NumCopiesMode=manual_NumCopies=1_Mode=rate_CompileType=base_CompilerVersion=14.0_InstructionSet=avx2,Score,55.34
default,spec06Server,459.GemsFDTD,1,NumCopiesMode=manual_NumCopies=1_Mode=rate_CompileType=base_CompilerVersion=14.0_InstructionSet=avx2,RSF_File_Name,CFP2006.1909.ref.rsf
default,spec06Server,459.GemsFDTD,1,NumCopiesMode=manual_NumCopies=1_Mode=rate_CompileType=base_CompilerVersion=14.0_InstructionSet=avx2,Score,30.17
default,spec06Server,465.tonto,1,NumCopiesMode=manual_NumCopies=1_Mode=rate_CompileType=base_CompilerVersion=14.0_InstructionSet=avx2,RSF_File_Name,CFP2006.1910.ref.rsf
default,spec06Server,465.tonto,1,NumCopiesMode=manual_NumCopies=1_Mode=rate_CompileType=base_CompilerVersion=14.0_InstructionSet=avx2,Score,53.99
default,spec06Server,470.lbm,1,NumCopiesMode=manual_NumCopies=1_Mode=rate_CompileType=base_CompilerVersion=14.0_InstructionSet=avx2,RSF_File_Name,CFP2006.1911.ref.rsf
default,spec06Server,470.lbm,1,NumCopiesMode=manual_NumCopies=1_Mode=rate_CompileType=base_CompilerVersion=14.0_InstructionSet=avx2,Score,61.07
default,spec06Server,481.wrf,1,NumCopiesMode=manual_NumCopies=1_Mode=rate_CompileType=base_CompilerVersion=14.0_InstructionSet=avx2,RSF_File_Name,CFP2006.1912.ref.rsf
default,spec06Server,481.wrf,1,NumCopiesMode=manual_NumCopies=1_Mode=rate_CompileType=base_CompilerVersion=14.0_InstructionSet=avx2,Score,78.42
default,spec06Server,482.sphinx3,1,NumCopiesMode=manual_NumCopies=1_Mode=rate_CompileType=base_CompilerVersion=14.0_InstructionSet=avx2,RSF_File_Name,CFP2006.1913.ref.rsf
default,spec06Server,482.sphinx3,1,NumCopiesMode=manual_NumCopies=1_Mode=rate_CompileType=base_CompilerVersion=14.0_InstructionSet=avx2,Score,64.53
default,spec06Server,410.bwaves,2,NumCopiesMode=manual_NumCopies=1_Mode=rate_CompileType=base_CompilerVersion=14.0_InstructionSet=avx2,RSF_File_Name,CFP2006.1914.ref.rsf
default,spec06Server,410.bwaves,2,NumCopiesMode=manual_NumCopies=1_Mode=rate_CompileType=base_CompilerVersion=14.0_InstructionSet=avx2,Score,78.66
default,spec06Server,416.gamess,2,NumCopiesMode=manual_NumCopies=1_Mode=rate_CompileType=base_CompilerVersion=14.0_InstructionSet=avx2,RSF_File_Name,CFP2006.1915.ref.rsf
default,spec06Server,416.gamess,2,NumCopiesMode=manual_NumCopies=1_Mode=rate_CompileType=base_CompilerVersion=14.0_InstructionSet=avx2,Score,44.67
default,spec06Server,433.milc,2,NumCopiesMode=manual_NumCopies=1_Mode=rate_CompileType=base_CompilerVersion=14.0_InstructionSet=avx2,RSF_File_Name,CFP2006.1916.ref.rsf
default,spec06Server,433.milc,2,NumCopiesMode=manual_NumCopies=1_Mode=rate_CompileType=base_CompilerVersion=14.0_InstructionSet=avx2,Score,72.77
default,spec06Server,434.zeusmp,2,NumCopiesMode=manual_NumCopies=1_Mode=rate_CompileType=base_CompilerVersion=14.0_InstructionSet=avx2,RSF_File_Name,CFP2006.1917.ref.rsf
default,spec06Server,434.zeusmp,2,NumCopiesMode=manual_NumCopies=1_Mode=rate_CompileType=base_CompilerVersion=14.0_InstructionSet=avx2,Score,53.22
default,spec06Server,435.gromacs,2,NumCopiesMode=manual_NumCopies=1_Mode=rate_CompileType=base_CompilerVersion=14.0_InstructionSet=avx2,RSF_File_Name,CFP2006.1918.ref.rsf
default,spec06Server,435.gromacs,2,NumCopiesMode=manual_NumCopies=1_Mode=rate_CompileType=base_CompilerVersion=14.0_InstructionSet=avx2,Score,50.77
default,spec06Server,436.cactusADM,2,NumCopiesMode=manual_NumCopies=1_Mode=rate_CompileType=base_CompilerVersion=14.0_InstructionSet=avx2,RSF_File_Name,CFP2006.1919.ref.rsf
default,spec06Server,436.cactusADM,2,NumCopiesMode=manual_NumCopies=1_Mode=rate_CompileType=base_CompilerVersion=14.0_InstructionSet=avx2,Score,90.29
default,spec06Server,437.leslie3d,2,NumCopiesMode=manual_NumCopies=1_Mode=rate_CompileType=base_CompilerVersion=14.0_InstructionSet=avx2,RSF_File_Name,CFP2006.1920.ref.rsf
default,spec06Server,437.leslie3d,2,NumCopiesMode=manual_NumCopies=1_Mode=rate_CompileType=base_CompilerVersion=14.0_InstructionSet=avx2,Score,67.42
default,spec06Server,444.namd,2,NumCopiesMode=manual_NumCopies=1_Mode=rate_CompileType=base_CompilerVersion=14.0_InstructionSet=avx2,RSF_File_Name,CFP2006.1921.ref.rsf
default,spec06Server,444.namd,2,NumCopiesMode=manual_NumCopies=1_Mode=rate_CompileType=base_CompilerVersion=14.0_InstructionSet=avx2,Score,29.57
default,spec06Server,447.dealII,2,NumCopiesMode=manual_NumCopies=1_Mode=rate_CompileType=base_CompilerVersion=14.0_InstructionSet=avx2,RSF_File_Name,CFP2006.1922.ref.rsf
default,spec06Server,447.dealII,2,NumCopiesMode=manual_NumCopies=1_Mode=rate_CompileType=base_CompilerVersion=14.0_InstructionSet=avx2,Score,63.02
default,spec06Server,450.soplex,2,NumCopiesMode=manual_NumCopies=1_Mode=rate_CompileType=base_CompilerVersion=14.0_InstructionSet=avx2,RSF_File_Name,CFP2006.1923.ref.rsf
default,spec06Server,450.soplex,2,NumCopiesMode=manual_NumCopies=1_Mode=rate_CompileType=base_CompilerVersion=14.0_InstructionSet=avx2,Score,48.72
default,spec06Server,453.povray,2,NumCopiesMode=manual_NumCopies=1_Mode=rate_CompileType=base_CompilerVersion=14.0_InstructionSet=avx2,RSF_File_Name,CFP2006.1924.ref.rsf
default,spec06Server,453.povray,2,NumCopiesMode=manual_NumCopies=1_Mode=rate_CompileType=base_CompilerVersion=14.0_InstructionSet=avx2,Score,62.34
default,spec06Server,454.calculix,2,NumCopiesMode=manual_NumCopies=1_Mode=rate_CompileType=base_CompilerVersion=14.0_InstructionSet=avx2,RSF_File_Name,CFP2006.1925.ref.rsf
default,spec06Server,454.calculix,2,NumCopiesMode=manual_NumCopies=1_Mode=rate_CompileType=base_CompilerVersion=14.0_InstructionSet=avx2,Score,55.4
default,spec06Server,459.GemsFDTD,2,NumCopiesMode=manual_NumCopies=1_Mode=rate_CompileType=base_CompilerVersion=14.0_InstructionSet=avx2,RSF_File_Name,CFP2006.1926.ref.rsf
default,spec06Server,459.GemsFDTD,2,NumCopiesMode=manual_NumCopies=1_Mode=rate_CompileType=base_CompilerVersion=14.0_InstructionSet=avx2,Score,30.01
default,spec06Server,465.tonto,2,NumCopiesMode=manual_NumCopies=1_Mode=rate_CompileType=base_CompilerVersion=14.0_InstructionSet=avx2,RSF_File_Name,CFP2006.1927.ref.rsf
default,spec06Server,465.tonto,2,NumCopiesMode=manual_NumCopies=1_Mode=rate_CompileType=base_CompilerVersion=14.0_InstructionSet=avx2,Score,53.99
default,spec06Server,470.lbm,2,NumCopiesMode=manual_NumCopies=1_Mode=rate_CompileType=base_CompilerVersion=14.0_InstructionSet=avx2,RSF_File_Name,CFP2006.1928.ref.rsf
default,spec06Server,470.lbm,2,NumCopiesMode=manual_NumCopies=1_Mode=rate_CompileType=base_CompilerVersion=14.0_InstructionSet=avx2,Score,63.6
default,spec06Server,481.wrf,2,NumCopiesMode=manual_NumCopies=1_Mode=rate_CompileType=base_CompilerVersion=14.0_InstructionSet=avx2,RSF_File_Name,CFP2006.1929.ref.rsf
default,spec06Server,481.wrf,2,NumCopiesMode=manual_NumCopies=1_Mode=rate_CompileType=base_CompilerVersion=14.0_InstructionSet=avx2,Score,79.18
default,spec06Server,482.sphinx3,2,NumCopiesMode=manual_NumCopies=1_Mode=rate_CompileType=base_CompilerVersion=14.0_InstructionSet=avx2,RSF_File_Name,CFP2006.1930.ref.rsf
default,spec06Server,482.sphinx3,2,NumCopiesMode=manual_NumCopies=1_Mode=rate_CompileType=base_CompilerVersion=14.0_InstructionSet=avx2,Score,64.71
default,linpackServer,linpackmp_offload,0,cache_size_ratio=0.8_block_size=192_InstructionSet=avx2_version=11.2,Command Line Parameters, -n 164494 -p 2 -q 1 -b 192
default,linpackServer,linpackmp_offload,0,cache_size_ratio=0.8_block_size=192_InstructionSet=avx2_version=11.2,Linpack Score(GFlops),1268.99
default,linpackServer,linpackmp_offload,0,cache_size_ratio=0.8_block_size=192_InstructionSet=avx2_version=11.2,Pass status,Pass
default,linpackServer,linpackmp_offload,1,cache_size_ratio=0.8_block_size=192_InstructionSet=avx2_version=11.2,Command Line Parameters, -n 164494 -p 2 -q 1 -b 192
default,linpackServer,linpackmp_offload,1,cache_size_ratio=0.8_block_size=192_InstructionSet=avx2_version=11.2,Linpack Score(GFlops),1266.79
default,linpackServer,linpackmp_offload,1,cache_size_ratio=0.8_block_size=192_InstructionSet=avx2_version=11.2,Pass status,Pass
default,linpackServer,linpackmp_offload,2,cache_size_ratio=0.8_block_size=192_InstructionSet=avx2_version=11.2,Command Line Parameters, -n 164494 -p 2 -q 1 -b 192
default,linpackServer,linpackmp_offload,2,cache_size_ratio=0.8_block_size=192_InstructionSet=avx2_version=11.2,Linpack Score(GFlops),1267.64
default,linpackServer,linpackmp_offload,2,cache_size_ratio=0.8_block_size=192_InstructionSet=avx2_version=11.2,Pass status,Pass
